t,if,il,vl
-1.0000,5.0000,5.0000,0.0000
-0.9900,5.0000,5.0000,0.0000
-0.9800,5.0000,5.0000,0.0000
-0.9700,5.0000,5.0000,0.0000
-0.9600,5.0000,5.0000,0.0000
-0.9500,5.0000,5.0000,0.0000
-0.9400,5.0000,5.0000,0.0000
-0.9300,5.0000,5.0000,0.0000
-0.9200,5.0000,5.0000,0.0000
-0.9100,5.0000,5.0000,0.0000
-0.9000,5.0000,5.0000,0.0000
-0.8900,5.0000,5.0000,0.0000
-0.8800,5.0000,5.0000,0.0000
-0.8700,5.0000,5.0000,0.0000
-0.8600,5.0000,5.0000,0.0000
-0.8500,5.0000,5.0000,0.0000
-0.8400,5.0000,5.0000,0.0000
-0.8300,5.0000,5.0000,0.0000
-0.8200,5.0000,5.0000,0.0000
-0.8100,5.0000,5.0000,0.0000
-0.8000,5.0000,5.0000,0.0000
-0.7900,5.0000,5.0000,0.0000
-0.7800,5.0000,5.0000,0.0000
-0.7700,5.0000,5.0000,0.0000
-0.7600,5.0000,5.0000,0.0000
-0.7500,5.0000,5.0000,0.0000
-0.7400,5.0000,5.0000,0.0000
-0.7300,5.0000,5.0000,0.0000
-0.7200,5.0000,5.0000,0.0000
-0.7100,5.0000,5.0000,0.0000
-0.7000,5.0000,5.0000,0.0000
-0.6900,5.0000,5.0000,0.0000
-0.6800,5.0000,5.0000,0.0000
-0.6700,5.0000,5.0000,0.0000
-0.6600,5.0000,5.0000,0.0000
-0.6500,5.0000,5.0000,0.0000
-0.6400,5.0000,5.0000,0.0000
-0.6300,5.0000,5.0000,0.0000
-0.6200,5.0000,5.0000,0.0000
-0.6100,5.0000,5.0000,0.0000
-0.6000,5.0000,5.0000,0.0000
-0.5900,5.0000,5.0000,0.0000
-0.5800,5.0000,5.0000,0.0000
-0.5700,5.0000,5.0000,0.0000
-0.5600,5.0000,5.0000,0.0000
-0.5500,5.0000,5.0000,0.0000
-0.5400,5.0000,5.0000,0.0000
-0.5300,5.0000,5.0000,0.0000
-0.5200,5.0000,5.0000,0.0000
-0.5100,5.0000,5.0000,0.0000
-0.5000,5.0000,5.0000,0.0000
-0.4900,5.0000,5.0000,0.0000
-0.4800,5.0000,5.0000,0.0000
-0.4700,5.0000,5.0000,0.0000
-0.4600,5.0000,5.0000,0.0000
-0.4500,5.0000,5.0000,0.0000
-0.4400,5.0000,5.0000,0.0000
-0.4300,5.0000,5.0000,0.0000
-0.4200,5.0000,5.0000,0.0000
-0.4100,5.0000,5.0000,0.0000
-0.4000,5.0000,5.0000,0.0000
-0.3900,5.0000,5.0000,0.0000
-0.3800,5.0000,5.0000,0.0000
-0.3700,5.0000,5.0000,0.0000
-0.3600,5.0000,5.0000,0.0000
-0.3500,5.0000,5.0000,0.0000
-0.3400,5.0000,5.0000,0.0000
-0.3300,5.0000,5.0000,0.0000
-0.3200,5.0000,5.0000,0.0000
-0.3100,5.0000,5.0000,0.0000
-0.3000,5.0000,5.0000,0.0000
-0.2900,5.0000,5.0000,0.0000
-0.2800,5.0000,5.0000,0.0000
-0.2700,5.0000,5.0000,0.0000
-0.2600,5.0000,5.0000,0.0000
-0.2500,5.0000,5.0000,0.0000
-0.2400,5.0000,5.0000,0.0000
-0.2300,5.0000,5.0000,0.0000
-0.2200,5.0000,5.0000,0.0000
-0.2100,5.0000,5.0000,0.0000
-0.2000,5.0000,5.0000,0.0000
-0.1900,5.0000,5.0000,0.0000
-0.1800,5.0000,5.0000,0.0000
-0.1700,5.0000,5.0000,0.0000
-0.1600,5.0000,5.0000,0.0000
-0.1500,5.0000,5.0000,0.0000
-0.1400,5.0000,5.0000,0.0000
-0.1300,5.0000,5.0000,0.0000
-0.1200,5.0000,5.0000,0.0000
-0.1100,5.0000,5.0000,0.0000
-0.1000,5.0000,5.0000,0.0000
-0.0900,5.0000,5.0000,0.0000
-0.0800,5.0000,5.0000,0.0000
-0.0700,5.0000,5.0000,0.0000
-0.0600,5.0000,5.0000,0.0000
-0.0500,5.0000,5.0000,0.0000
-0.0400,5.0000,5.0000,0.0000
-0.0300,5.0000,5.0000,0.0000
-0.0200,5.0000,5.0000,0.0000
-0.0100,5.0000,5.0000,0.0000
0.0000,5.0000,5.0000,0.0000
0.0100,5.0000,5.0000,0.0000
0.0200,5.0000,5.0000,0.0000
0.0300,5.0000,5.0000,0.0000
0.0400,5.0000,5.0000,0.0000
0.0500,5.0000,5.0000,0.0000
0.0600,5.0000,5.0000,0.0000
0.0700,5.0000,5.0000,0.0000
0.0800,5.0000,5.0000,0.0000
0.0900,5.0000,5.0000,0.0000
0.1000,5.0000,5.0000,0.0000
0.1100,5.0000,5.0000,0.0000
0.1200,5.0000,5.0000,0.0000
0.1300,5.0000,5.0000,0.0000
0.1400,5.0000,5.0000,0.0000
0.1500,5.0000,5.0000,0.0000
0.1600,5.0000,5.0000,0.0000
0.1700,5.0000,5.0000,0.0000
0.1800,5.0000,5.0000,0.0000
0.1900,5.0000,5.0000,0.0000
0.2000,5.0000,5.0000,0.0000
0.2100,5.0000,5.0000,0.0000
0.2200,5.0000,5.0000,0.0000
0.2300,5.0000,5.0000,0.0000
0.2400,5.0000,5.0000,0.0000
0.2500,5.0000,5.0000,0.0000
0.2600,5.0000,5.0000,0.0000
0.2700,5.0000,5.0000,0.0000
0.2800,5.0000,5.0000,0.0000
0.2900,5.0000,5.0000,0.0000
0.3000,5.0000,5.0000,0.0000
0.3100,5.0000,5.0000,0.0000
0.3200,5.0000,5.0000,0.0000
0.3300,5.0000,5.0000,0.0000
0.3400,5.0000,5.0000,0.0000
0.3500,5.0000,5.0000,0.0000
0.3600,5.0000,5.0000,0.0000
0.3700,5.0000,5.0000,0.0000
0.3800,5.0000,5.0000,0.0000
0.3900,5.0000,5.0000,0.0000
0.4000,5.0000,5.0000,0.0000
0.4100,5.0000,5.0000,0.0000
0.4200,5.0000,5.0000,0.0000
0.4300,5.0000,5.0000,0.0000
0.4400,5.0000,5.0000,0.0000
0.4500,5.0000,5.0000,0.0000
0.4600,5.0000,5.0000,0.0000
0.4700,5.0000,5.0000,0.0000
0.4800,5.0000,5.0000,0.0000
0.4900,5.0000,5.0000,0.0000
0.5000,5.0000,5.0000,0.0000
0.5100,5.0000,5.0000,0.0000
0.5200,5.0000,5.0000,0.0000
0.5300,5.0000,5.0000,0.0000
0.5400,5.0000,5.0000,0.0000
0.5500,5.0000,5.0000,0.0000
0.5600,5.0000,5.0000,0.0000
0.5700,5.0000,5.0000,0.0000
0.5800,5.0000,5.0000,0.0000
0.5900,5.0000,5.0000,0.0000
0.6000,5.0000,5.0000,0.0000
0.6100,5.0000,5.0000,0.0000
0.6200,5.0000,5.0000,0.0000
0.6300,5.0000,5.0000,0.0000
0.6400,5.0000,5.0000,0.0000
0.6500,5.0000,5.0000,0.0000
0.6600,5.0000,5.0000,0.0000
0.6700,5.0000,5.0000,0.0000
0.6800,5.0000,5.0000,0.0000
0.6900,5.0000,5.0000,0.0000
0.7000,5.0000,5.0000,0.0000
0.7100,5.0000,5.0000,0.0000
0.7200,5.0000,5.0000,0.0000
0.7300,5.0000,5.0000,0.0000
0.7400,5.0000,5.0000,0.0000
0.7500,5.0000,5.0000,0.0000
0.7600,5.0000,5.0000,0.0000
0.7700,5.0000,5.0000,0.0000
0.7800,5.0000,5.0000,0.0000
0.7900,5.0000,5.0000,0.0000
0.8000,5.0000,5.0000,0.0000
0.8100,5.0000,5.0000,0.0000
0.8200,5.0000,5.0000,0.0000
0.8300,5.0000,5.0000,0.0000
0.8400,5.0000,5.0000,0.0000
0.8500,5.0000,5.0000,0.0000
0.8600,5.0000,5.0000,0.0000
0.8700,5.0000,5.0000,0.0000
0.8800,5.0000,5.0000,0.0000
0.8900,5.0000,5.0000,0.0000
0.9000,5.0000,5.0000,0.0000
0.9100,5.0000,5.0000,0.0000
0.9200,5.0000,5.0000,0.0000
0.9300,5.0000,5.0000,0.0000
0.9400,5.0000,5.0000,0.0000
0.9500,5.0000,5.0000,0.0000
0.9600,5.0000,5.0000,0.0000
0.9700,5.0000,5.0000,0.0000
0.9800,5.0000,5.0000,0.0000
0.9900,5.0000,5.0000,0.0000
1.0000,10.0000,5.0000,5.0000
1.0100,10.0000,5.0498,4.9502
1.0200,10.0000,5.0990,4.9010
1.0300,10.0000,5.1478,4.8522
1.0400,10.0000,5.1961,4.8039
1.0500,10.0000,5.2439,4.7561
1.0600,10.0000,5.2912,4.7088
1.0700,10.0000,5.3380,4.6620
1.0800,10.0000,5.3844,4.6156
1.0900,10.0000,5.4303,4.5697
1.1000,10.0000,5.4758,4.5242
1.1100,10.0000,5.5208,4.4792
1.1200,10.0000,5.5654,4.4346
1.1300,10.0000,5.6095,4.3905
1.1400,10.0000,5.6532,4.3468
1.1500,10.0000,5.6965,4.3035
1.1600,10.0000,5.7393,4.2607
1.1700,10.0000,5.7817,4.2183
1.1800,10.0000,5.8236,4.1764
1.1900,10.0000,5.8652,4.1348
1.2000,10.0000,5.9063,4.0937
1.2100,10.0000,5.9471,4.0529
1.2200,10.0000,5.9874,4.0126
1.2300,10.0000,6.0273,3.9727
1.2400,10.0000,6.0669,3.9331
1.2500,10.0000,6.1060,3.8940
1.2600,10.0000,6.1447,3.8553
1.2700,10.0000,6.1831,3.8169
1.2800,10.0000,6.2211,3.7789
1.2900,10.0000,6.2587,3.7413
1.3000,10.0000,6.2959,3.7041
1.3100,10.0000,6.3328,3.6672
1.3200,10.0000,6.3693,3.6307
1.3300,10.0000,6.4054,3.5946
1.3400,10.0000,6.4411,3.5589
1.3500,10.0000,6.4766,3.5234
1.3600,10.0000,6.5116,3.4884
1.3700,10.0000,6.5463,3.4537
1.3800,10.0000,6.5807,3.4193
1.3900,10.0000,6.6147,3.3853
1.4000,10.0000,6.6484,3.3516
1.4100,10.0000,6.6817,3.3183
1.4200,10.0000,6.7148,3.2852
1.4300,10.0000,6.7475,3.2525
1.4400,10.0000,6.7798,3.2202
1.4500,10.0000,6.8119,3.1881
1.4600,10.0000,6.8436,3.1564
1.4700,10.0000,6.8750,3.1250
1.4800,10.0000,6.9061,3.0939
1.4900,10.0000,6.9369,3.0631
1.5000,10.0000,6.9673,3.0327
1.5100,10.0000,6.9975,3.0025
1.5200,10.0000,7.0274,2.9726
1.5300,10.0000,7.0570,2.9430
1.5400,10.0000,7.0863,2.9137
1.5500,10.0000,7.1153,2.8847
1.5600,10.0000,7.1440,2.8560
1.5700,10.0000,7.1724,2.8276
1.5800,10.0000,7.2005,2.7995
1.5900,10.0000,7.2284,2.7716
1.6000,10.0000,7.2559,2.7441
1.6100,10.0000,7.2832,2.7168
1.6200,10.0000,7.3103,2.6897
1.6300,10.0000,7.3370,2.6630
1.6400,10.0000,7.3635,2.6365
1.6500,10.0000,7.3898,2.6102
1.6600,10.0000,7.4157,2.5843
1.6700,10.0000,7.4415,2.5585
1.6800,10.0000,7.4669,2.5331
1.6900,10.0000,7.4921,2.5079
1.7000,10.0000,7.5171,2.4829
1.7100,10.0000,7.5418,2.4582
1.7200,10.0000,7.5662,2.4338
1.7300,10.0000,7.5905,2.4095
1.7400,10.0000,7.6144,2.3856
1.7500,10.0000,7.6382,2.3618
1.7600,10.0000,7.6617,2.3383
1.7700,10.0000,7.6849,2.3151
1.7800,10.0000,7.7080,2.2920
1.7900,10.0000,7.7308,2.2692
1.8000,10.0000,7.7534,2.2466
1.8100,10.0000,7.7757,2.2243
1.8200,10.0000,7.7978,2.2022
1.8300,10.0000,7.8198,2.1802
1.8400,10.0000,7.8414,2.1586
1.8500,10.0000,7.8629,2.1371
1.8600,10.0000,7.8842,2.1158
1.8700,10.0000,7.9052,2.0948
1.8800,10.0000,7.9261,2.0739
1.8900,10.0000,7.9467,2.0533
1.9000,10.0000,7.9672,2.0328
1.9100,10.0000,7.9874,2.0126
1.9200,10.0000,8.0074,1.9926
1.9300,10.0000,8.0272,1.9728
1.9400,10.0000,8.0469,1.9531
1.9500,10.0000,8.0663,1.9337
1.9600,10.0000,8.0855,1.9145
1.9700,10.0000,8.1046,1.8954
1.9800,10.0000,8.1234,1.8766
1.9900,10.0000,8.1421,1.8579
2.0000,10.0000,8.1606,1.8394
2.0100,10.0000,8.1789,1.8211
2.0200,10.0000,8.1970,1.8030
2.0300,10.0000,8.2150,1.7850
2.0400,10.0000,8.2327,1.7673
2.0500,10.0000,8.2503,1.7497
2.0600,10.0000,8.2677,1.7323
2.0700,10.0000,8.2850,1.7150
2.0800,10.0000,8.3020,1.6980
2.0900,10.0000,8.3189,1.6811
2.1000,10.0000,8.3356,1.6644
2.1100,10.0000,8.3522,1.6478
2.1200,10.0000,8.3686,1.6314
2.1300,10.0000,8.3848,1.6152
2.1400,10.0000,8.4009,1.5991
2.1500,10.0000,8.4168,1.5832
2.1600,10.0000,8.4326,1.5674
2.1700,10.0000,8.4482,1.5518
2.1800,10.0000,8.4636,1.5364
2.1900,10.0000,8.4789,1.5211
2.2000,10.0000,8.4940,1.5060
2.2100,10.0000,8.5090,1.4910
2.2200,10.0000,8.5238,1.4762
2.2300,10.0000,8.5385,1.4615
2.2400,10.0000,8.5531,1.4469
2.2500,10.0000,8.5675,1.4325
2.2600,10.0000,8.5817,1.4183
2.2700,10.0000,8.5958,1.4042
2.2800,10.0000,8.6098,1.3902
2.2900,10.0000,8.6236,1.3764
2.3000,10.0000,8.6373,1.3627
2.3100,10.0000,8.6509,1.3491
2.3200,10.0000,8.6643,1.3357
2.3300,10.0000,8.6776,1.3224
2.3400,10.0000,8.6908,1.3092
2.3500,10.0000,8.7038,1.2962
2.3600,10.0000,8.7167,1.2833
2.3700,10.0000,8.7295,1.2705
2.3800,10.0000,8.7421,1.2579
2.3900,10.0000,8.7546,1.2454
2.4000,10.0000,8.7670,1.2330
2.4100,10.0000,8.7793,1.2207
2.4200,10.0000,8.7914,1.2086
2.4300,10.0000,8.8035,1.1965
2.4400,10.0000,8.8154,1.1846
2.4500,10.0000,8.8271,1.1729
2.4600,10.0000,8.8388,1.1612
2.4700,10.0000,8.8504,1.1496
2.4800,10.0000,8.8618,1.1382
2.4900,10.0000,8.8731,1.1269
2.5000,10.0000,8.8843,1.1157
2.5100,10.0000,8.8955,1.1045
2.5200,10.0000,8.9064,1.0936
2.5300,10.0000,8.9173,1.0827
2.5400,10.0000,8.9281,1.0719
2.5500,10.0000,8.9388,1.0612
2.5600,10.0000,8.9493,1.0507
2.5700,10.0000,8.9598,1.0402
2.5800,10.0000,8.9701,1.0299
2.5900,10.0000,8.9804,1.0196
2.6000,10.0000,8.9905,1.0095
2.6100,10.0000,9.0006,0.9994
2.6200,10.0000,9.0105,0.9895
2.6300,10.0000,9.0204,0.9796
2.6400,10.0000,9.0301,0.9699
2.6500,10.0000,9.0398,0.9602
2.6600,10.0000,9.0493,0.9507
2.6700,10.0000,9.0588,0.9412
2.6800,10.0000,9.0681,0.9319
2.6900,10.0000,9.0774,0.9226
2.7000,10.0000,9.0866,0.9134
2.7100,10.0000,9.0957,0.9043
2.7200,10.0000,9.1047,0.8953
2.7300,10.0000,9.1136,0.8864
2.7400,10.0000,9.1224,0.8776
2.7500,10.0000,9.1311,0.8689
2.7600,10.0000,9.1398,0.8602
2.7700,10.0000,9.1483,0.8517
2.7800,10.0000,9.1568,0.8432
2.7900,10.0000,9.1652,0.8348
2.8000,10.0000,9.1735,0.8265
2.8100,10.0000,9.1817,0.8183
2.8200,10.0000,9.1899,0.8101
2.8300,10.0000,9.1979,0.8021
2.8400,10.0000,9.2059,0.7941
2.8500,10.0000,9.2138,0.7862
2.8600,10.0000,9.2216,0.7784
2.8700,10.0000,9.2294,0.7706
2.8800,10.0000,9.2370,0.7630
2.8900,10.0000,9.2446,0.7554
2.9000,10.0000,9.2522,0.7478
2.9100,10.0000,9.2596,0.7404
2.9200,10.0000,9.2670,0.7330
2.9300,10.0000,9.2743,0.7257
2.9400,10.0000,9.2815,0.7185
2.9500,10.0000,9.2886,0.7114
2.9600,10.0000,9.2957,0.7043
2.9700,10.0000,9.3027,0.6973
2.9800,10.0000,9.3097,0.6903
2.9900,10.0000,9.3165,0.6835
3.0000,10.0000,9.3233,0.6767
3.0100,10.0000,9.3301,0.6699
3.0200,10.0000,9.3367,0.6633
3.0300,10.0000,9.3433,0.6567
3.0400,10.0000,9.3499,0.6501
3.0500,10.0000,9.3563,0.6437
3.0600,10.0000,9.3627,0.6373
3.0700,10.0000,9.3691,0.6309
3.0800,10.0000,9.3753,0.6247
3.0900,10.0000,9.3816,0.6184
3.1000,10.0000,9.3877,0.6123
3.1100,10.0000,9.3938,0.6062
3.1200,10.0000,9.3998,0.6002
3.1300,10.0000,9.4058,0.5942
3.1400,10.0000,9.4117,0.5883
3.1500,10.0000,9.4176,0.5824
3.1600,10.0000,9.4234,0.5766
3.1700,10.0000,9.4291,0.5709
3.1800,10.0000,9.4348,0.5652
3.1900,10.0000,9.4404,0.5596
3.2000,10.0000,9.4460,0.5540
3.2100,10.0000,9.4515,0.5485
3.2200,10.0000,9.4570,0.5430
3.2300,10.0000,9.4624,0.5376
3.2400,10.0000,9.4677,0.5323
3.2500,10.0000,9.4730,0.5270
3.2600,10.0000,9.4782,0.5218
3.2700,10.0000,9.4834,0.5166
3.2800,10.0000,9.4886,0.5114
3.2900,10.0000,9.4937,0.5063
3.3000,10.0000,9.4987,0.5013
3.3100,10.0000,9.5037,0.4963
3.3200,10.0000,9.5086,0.4914
3.3300,10.0000,9.5135,0.4865
3.3400,10.0000,9.5184,0.4816
3.3500,10.0000,9.5232,0.4768
3.3600,10.0000,9.5279,0.4721
3.3700,10.0000,9.5326,0.4674
3.3800,10.0000,9.5372,0.4628
3.3900,10.0000,9.5419,0.4581
3.4000,10.0000,9.5464,0.4536
3.4100,10.0000,9.5509,0.4491
3.4200,10.0000,9.5554,0.4446
3.4300,10.0000,9.5598,0.4402
3.4400,10.0000,9.5642,0.4358
3.4500,10.0000,9.5685,0.4315
3.4600,10.0000,9.5728,0.4272
3.4700,10.0000,9.5771,0.4229
3.4800,10.0000,9.5813,0.4187
3.4900,10.0000,9.5855,0.4145
3.5000,10.0000,9.5896,0.4104
3.5100,10.0000,9.5937,0.4063
3.5200,10.0000,9.5977,0.4023
3.5300,10.0000,9.6017,0.3983
3.5400,10.0000,9.6057,0.3943
3.5500,10.0000,9.6096,0.3904
3.5600,10.0000,9.6135,0.3865
3.5700,10.0000,9.6173,0.3827
3.5800,10.0000,9.6211,0.3789
3.5900,10.0000,9.6249,0.3751
3.6000,10.0000,9.6286,0.3714
3.6100,10.0000,9.6323,0.3677
3.6200,10.0000,9.6360,0.3640
3.6300,10.0000,9.6396,0.3604
3.6400,10.0000,9.6432,0.3568
3.6500,10.0000,9.6467,0.3533
3.6600,10.0000,9.6503,0.3497
3.6700,10.0000,9.6537,0.3463
3.6800,10.0000,9.6572,0.3428
3.6900,10.0000,9.6606,0.3394
3.7000,10.0000,9.6640,0.3360
3.7100,10.0000,9.6673,0.3327
3.7200,10.0000,9.6706,0.3294
3.7300,10.0000,9.6739,0.3261
3.7400,10.0000,9.6771,0.3229
3.7500,10.0000,9.6804,0.3196
3.7600,10.0000,9.6835,0.3165
3.7700,10.0000,9.6867,0.3133
3.7800,10.0000,9.6898,0.3102
3.7900,10.0000,9.6929,0.3071
3.8000,10.0000,9.6959,0.3041
3.8100,10.0000,9.6990,0.3010
3.8200,10.0000,9.7020,0.2980
3.8300,10.0000,9.7049,0.2951
3.8400,10.0000,9.7079,0.2921
3.8500,10.0000,9.7108,0.2892
3.8600,10.0000,9.7137,0.2863
3.8700,10.0000,9.7165,0.2835
3.8800,10.0000,9.7193,0.2807
3.8900,10.0000,9.7221,0.2779
3.9000,10.0000,9.7249,0.2751
3.9100,10.0000,9.7276,0.2724
3.9200,10.0000,9.7303,0.2697
3.9300,10.0000,9.7330,0.2670
3.9400,10.0000,9.7357,0.2643
3.9500,10.0000,9.7383,0.2617
3.9600,10.0000,9.7409,0.2591
3.9700,10.0000,9.7435,0.2565
3.9800,10.0000,9.7460,0.2540
3.9900,10.0000,9.7486,0.2514
4.0000,5.0000,9.7511,-9.7511
4.0100,5.0000,9.7038,-9.6540
4.0200,5.0000,9.6570,-9.5580
4.0300,5.0000,9.6106,-9.4629
4.0400,5.0000,9.5648,-9.3687
4.0500,5.0000,9.5194,-9.2755
4.0600,5.0000,9.4744,-9.1832
4.0700,5.0000,9.4299,-9.0918
4.0800,5.0000,9.3858,-9.0014
4.0900,5.0000,9.3421,-8.9118
4.1000,5.0000,9.2989,-8.8231
4.1100,5.0000,9.2562,-8.7353
4.1200,5.0000,9.2138,-8.6484
4.1300,5.0000,9.1719,-8.5624
4.1400,5.0000,9.1304,-8.4772
4.1500,5.0000,9.0893,-8.3928
4.1600,5.0000,9.0486,-8.3093
4.1700,5.0000,9.0083,-8.2266
4.1800,5.0000,8.9684,-8.1448
4.1900,5.0000,8.9289,-8.0637
4.2000,5.0000,8.8898,-7.9835
4.2100,5.0000,8.8511,-7.9041
4.2200,5.0000,8.8128,-7.8254
4.2300,5.0000,8.7749,-7.7475
4.2400,5.0000,8.7373,-7.6705
4.2500,5.0000,8.7001,-7.5941
4.2600,5.0000,8.6633,-7.5186
4.2700,5.0000,8.6269,-7.4438
4.2800,5.0000,8.5908,-7.3697
4.2900,5.0000,8.5550,-7.2964
4.3000,5.0000,8.5197,-7.2238
4.3100,5.0000,8.4847,-7.1519
4.3200,5.0000,8.4500,-7.0807
4.3300,5.0000,8.4157,-7.0103
4.3400,5.0000,8.3817,-6.9405
4.3500,5.0000,8.3480,-6.8715
4.3600,5.0000,8.3147,-6.8031
4.3700,5.0000,8.2817,-6.7354
4.3800,5.0000,8.2491,-6.6684
4.3900,5.0000,8.2167,-6.6020
4.4000,5.0000,8.1847,-6.5363
4.4100,5.0000,8.1530,-6.4713
4.4200,5.0000,8.1217,-6.4069
4.4300,5.0000,8.0906,-6.3432
4.4400,5.0000,8.0599,-6.2800
4.4500,5.0000,8.0294,-6.2176
4.4600,5.0000,7.9993,-6.1557
4.4700,5.0000,7.9694,-6.0944
4.4800,5.0000,7.9399,-6.0338
4.4900,5.0000,7.9106,-5.9738
4.5000,5.0000,7.8817,-5.9143
4.5100,5.0000,7.8530,-5.8555
4.5200,5.0000,7.8246,-5.7972
4.5300,5.0000,7.7965,-5.7395
4.5400,5.0000,7.7687,-5.6824
4.5500,5.0000,7.7411,-5.6259
4.5600,5.0000,7.7139,-5.5699
4.5700,5.0000,7.6868,-5.5145
4.5800,5.0000,7.6601,-5.4596
4.5900,5.0000,7.6336,-5.4053
4.6000,5.0000,7.6074,-5.3515
4.6100,5.0000,7.5815,-5.2982
4.6200,5.0000,7.5558,-5.2455
4.6300,5.0000,7.5304,-5.1933
4.6400,5.0000,7.5052,-5.1417
4.6500,5.0000,7.4803,-5.0905
4.6600,5.0000,7.4556,-5.0399
4.6700,5.0000,7.4312,-4.9897
4.6800,5.0000,7.4070,-4.9401
4.6900,5.0000,7.3830,-4.8909
4.7000,5.0000,7.3593,-4.8422
4.7100,5.0000,7.3358,-4.7941
4.7200,5.0000,7.3126,-4.7464
4.7300,5.0000,7.2896,-4.6991
4.7400,5.0000,7.2668,-4.6524
4.7500,5.0000,7.2442,-4.6061
4.7600,5.0000,7.2219,-4.5602
4.7700,5.0000,7.1998,-4.5149
4.7800,5.0000,7.1779,-4.4699
4.7900,5.0000,7.1562,-4.4255
4.8000,5.0000,7.1348,-4.3814
4.8100,5.0000,7.1135,-4.3378
4.8200,5.0000,7.0925,-4.2947
4.8300,5.0000,7.0717,-4.2519
4.8400,5.0000,7.0511,-4.2096
4.8500,5.0000,7.0307,-4.1678
4.8600,5.0000,7.0105,-4.1263
4.8700,5.0000,6.9905,-4.0852
4.8800,5.0000,6.9707,-4.0446
4.8900,5.0000,6.9511,-4.0043
4.9000,5.0000,6.9316,-3.9645
4.9100,5.0000,6.9124,-3.9250
4.9200,5.0000,6.8934,-3.8860
4.9300,5.0000,6.8746,-3.8473
4.9400,5.0000,6.8559,-3.8090
4.9500,5.0000,6.8374,-3.7711
4.9600,5.0000,6.8191,-3.7336
4.9700,5.0000,6.8010,-3.6965
4.9800,5.0000,6.7831,-3.6597
4.9900,5.0000,6.7654,-3.6233
5.0000,5.0000,6.7478,-3.5872
5.0100,5.0000,6.7304,-3.5515
5.0200,5.0000,6.7132,-3.5162
5.0300,5.0000,6.6962,-3.4812
5.0400,5.0000,6.6793,-3.4466
5.0500,5.0000,6.6626,-3.4123
5.0600,5.0000,6.6460,-3.3783
5.0700,5.0000,6.6297,-3.3447
5.0800,5.0000,6.6134,-3.3114
5.0900,5.0000,6.5974,-3.2785
5.1000,5.0000,6.5815,-3.2458
5.1100,5.0000,6.5658,-3.2136
5.1200,5.0000,6.5502,-3.1816
5.1300,5.0000,6.5348,-3.1499
5.1400,5.0000,6.5195,-3.1186
5.1500,5.0000,6.5044,-3.0875
5.1600,5.0000,6.4894,-3.0568
5.1700,5.0000,6.4746,-3.0264
5.1800,5.0000,6.4599,-2.9963
5.1900,5.0000,6.4454,-2.9665
5.2000,5.0000,6.4310,-2.9370
5.2100,5.0000,6.4168,-2.9077
5.2200,5.0000,6.4027,-2.8788
5.2300,5.0000,6.3887,-2.8502
5.2400,5.0000,6.3749,-2.8218
5.2500,5.0000,6.3612,-2.7937
5.2600,5.0000,6.3477,-2.7659
5.2700,5.0000,6.3342,-2.7384
5.2800,5.0000,6.3210,-2.7112
5.2900,5.0000,6.3078,-2.6842
5.3000,5.0000,6.2948,-2.6575
5.3100,5.0000,6.2819,-2.6310
5.3200,5.0000,6.2692,-2.6049
5.3300,5.0000,6.2565,-2.5789
5.3400,5.0000,6.2440,-2.5533
5.3500,5.0000,6.2317,-2.5279
5.3600,5.0000,6.2194,-2.5027
5.3700,5.0000,6.2073,-2.4778
5.3800,5.0000,6.1953,-2.4532
5.3900,5.0000,6.1834,-2.4287
5.4000,5.0000,6.1716,-2.4046
5.4100,5.0000,6.1599,-2.3807
5.4200,5.0000,6.1484,-2.3570
5.4300,5.0000,6.1370,-2.3335
5.4400,5.0000,6.1257,-2.3103
5.4500,5.0000,6.1145,-2.2873
5.4600,5.0000,6.1034,-2.2646
5.4700,5.0000,6.0924,-2.2420
5.4800,5.0000,6.0815,-2.2197
5.4900,5.0000,6.0708,-2.1976
5.5000,5.0000,6.0601,-2.1758
5.5100,5.0000,6.0496,-2.1541
5.5200,5.0000,6.0391,-2.1327
5.5300,5.0000,6.0288,-2.1115
5.5400,5.0000,6.0185,-2.0904
5.5500,5.0000,6.0084,-2.0696
5.5600,5.0000,5.9984,-2.0491
5.5700,5.0000,5.9884,-2.0287
5.5800,5.0000,5.9786,-2.0085
5.5900,5.0000,5.9689,-1.9885
5.6000,5.0000,5.9592,-1.9687
5.6100,5.0000,5.9497,-1.9491
5.6200,5.0000,5.9402,-1.9297
5.6300,5.0000,5.9309,-1.9105
5.6400,5.0000,5.9216,-1.8915
5.6500,5.0000,5.9124,-1.8727
5.6600,5.0000,5.9034,-1.8541
5.6700,5.0000,5.8944,-1.8356
5.6800,5.0000,5.8855,-1.8173
5.6900,5.0000,5.8767,-1.7993
5.7000,5.0000,5.8679,-1.7814
5.7100,5.0000,5.8593,-1.7636
5.7200,5.0000,5.8508,-1.7461
5.7300,5.0000,5.8423,-1.7287
5.7400,5.0000,5.8339,-1.7115
5.7500,5.0000,5.8256,-1.6945
5.7600,5.0000,5.8174,-1.6776
5.7700,5.0000,5.8093,-1.6609
5.7800,5.0000,5.8012,-1.6444
5.7900,5.0000,5.7932,-1.6280
5.8000,5.0000,5.7853,-1.6118
5.8100,5.0000,5.7775,-1.5958
5.8200,5.0000,5.7698,-1.5799
5.8300,5.0000,5.7621,-1.5642
5.8400,5.0000,5.7546,-1.5486
5.8500,5.0000,5.7470,-1.5332
5.8600,5.0000,5.7396,-1.5180
5.8700,5.0000,5.7323,-1.5029
5.8800,5.0000,5.7250,-1.4879
5.8900,5.0000,5.7178,-1.4731
5.9000,5.0000,5.7106,-1.4585
5.9100,5.0000,5.7035,-1.4439
5.9200,5.0000,5.6965,-1.4296
5.9300,5.0000,5.6896,-1.4153
5.9400,5.0000,5.6827,-1.4013
5.9500,5.0000,5.6760,-1.3873
5.9600,5.0000,5.6692,-1.3735
5.9700,5.0000,5.6626,-1.3599
5.9800,5.0000,5.6560,-1.3463
5.9900,5.0000,5.6494,-1.3329
6.0000,5.0000,5.6430,-1.3197
6.0100,5.0000,5.6366,-1.3065
6.0200,5.0000,5.6303,-1.2935
6.0300,5.0000,5.6240,-1.2807
6.0400,5.0000,5.6178,-1.2679
6.0500,5.0000,5.6116,-1.2553
6.0600,5.0000,5.6055,-1.2428
6.0700,5.0000,5.5995,-1.2304
6.0800,5.0000,5.5936,-1.2182
6.0900,5.0000,5.5876,-1.2061
6.1000,5.0000,5.5818,-1.1941
6.1100,5.0000,5.5760,-1.1822
6.1200,5.0000,5.5703,-1.1704
6.1300,5.0000,5.5646,-1.1588
6.1400,5.0000,5.5590,-1.1473
6.1500,5.0000,5.5534,-1.1358
6.1600,5.0000,5.5479,-1.1245
6.1700,5.0000,5.5425,-1.1134
6.1800,5.0000,5.5371,-1.1023
6.1900,5.0000,5.5317,-1.0913
6.2000,5.0000,5.5264,-1.0804
6.2100,5.0000,5.5212,-1.0697
6.2200,5.0000,5.5160,-1.0591
6.2300,5.0000,5.5109,-1.0485
6.2400,5.0000,5.5058,-1.0381
6.2500,5.0000,5.5008,-1.0278
6.2600,5.0000,5.4958,-1.0175
6.2700,5.0000,5.4908,-1.0074
6.2800,5.0000,5.4860,-0.9974
6.2900,5.0000,5.4811,-0.9875
6.3000,5.0000,5.4763,-0.9776
6.3100,5.0000,5.4716,-0.9679
6.3200,5.0000,5.4669,-0.9583
6.3300,5.0000,5.4623,-0.9487
6.3400,5.0000,5.4577,-0.9393
6.3500,5.0000,5.4531,-0.9300
6.3600,5.0000,5.4486,-0.9207
6.3700,5.0000,5.4441,-0.9115
6.3800,5.0000,5.4397,-0.9025
6.3900,5.0000,5.4353,-0.8935
6.4000,5.0000,5.4310,-0.8846
6.4100,5.0000,5.4267,-0.8758
6.4200,5.0000,5.4225,-0.8671
6.4300,5.0000,5.4183,-0.8585
6.4400,5.0000,5.4141,-0.8499
6.4500,5.0000,5.4100,-0.8415
6.4600,5.0000,5.4059,-0.8331
6.4700,5.0000,5.4019,-0.8248
6.4800,5.0000,5.3979,-0.8166
6.4900,5.0000,5.3939,-0.8085
6.5000,5.0000,5.3900,-0.8004
6.5100,5.0000,5.3861,-0.7925
6.5200,5.0000,5.3823,-0.7846
6.5300,5.0000,5.3785,-0.7768
6.5400,5.0000,5.3747,-0.7690
6.5500,5.0000,5.3710,-0.7614
6.5600,5.0000,5.3673,-0.7538
6.5700,5.0000,5.3636,-0.7463
6.5800,5.0000,5.3600,-0.7389
6.5900,5.0000,5.3564,-0.7315
6.6000,5.0000,5.3529,-0.7242
6.6100,5.0000,5.3494,-0.7170
6.6200,5.0000,5.3459,-0.7099
6.6300,5.0000,5.3424,-0.7028
6.6400,5.0000,5.3390,-0.6958
6.6500,5.0000,5.3357,-0.6889
6.6600,5.0000,5.3323,-0.6821
6.6700,5.0000,5.3290,-0.6753
6.6800,5.0000,5.3257,-0.6686
6.6900,5.0000,5.3225,-0.6619
6.7000,5.0000,5.3193,-0.6553
6.7100,5.0000,5.3161,-0.6488
6.7200,5.0000,5.3130,-0.6423
6.7300,5.0000,5.3099,-0.6360
6.7400,5.0000,5.3068,-0.6296
6.7500,5.0000,5.3037,-0.6234
6.7600,5.0000,5.3007,-0.6172
6.7700,5.0000,5.2977,-0.6110
6.7800,5.0000,5.2947,-0.6049
6.7900,5.0000,5.2918,-0.5989
6.8000,5.0000,5.2889,-0.5930
6.8100,5.0000,5.2860,-0.5871
6.8200,5.0000,5.2832,-0.5812
6.8300,5.0000,5.2804,-0.5754
6.8400,5.0000,5.2776,-0.5697
6.8500,5.0000,5.2748,-0.5640
6.8600,5.0000,5.2721,-0.5584
6.8700,5.0000,5.2694,-0.5529
6.8800,5.0000,5.2667,-0.5474
6.8900,5.0000,5.2640,-0.5419
6.9000,5.0000,5.2614,-0.5365
6.9100,5.0000,5.2588,-0.5312
6.9200,5.0000,5.2562,-0.5259
6.9300,5.0000,5.2537,-0.5207
6.9400,5.0000,5.2512,-0.5155
6.9500,5.0000,5.2487,-0.5104
6.9600,5.0000,5.2462,-0.5053
6.9700,5.0000,5.2437,-0.5003
6.9800,5.0000,5.2413,-0.4953
6.9900,5.0000,5.2389,-0.4904
7.0000,5.0000,5.2365,-0.4855
7.0100,5.0000,5.2342,-0.4806
7.0200,5.0000,5.2319,-0.4759
7.0300,5.0000,5.2296,-0.4711
7.0400,5.0000,5.2273,-0.4664
7.0500,5.0000,5.2250,-0.4618
7.0600,5.0000,5.2228,-0.4572
7.0700,5.0000,5.2205,-0.4527
7.0800,5.0000,5.2184,-0.4482
7.0900,5.0000,5.2162,-0.4437
7.1000,5.0000,5.2140,-0.4393
7.1100,5.0000,5.2119,-0.4349
7.1200,5.0000,5.2098,-0.4306
7.1300,5.0000,5.2077,-0.4263
7.1400,5.0000,5.2056,-0.4221
7.1500,5.0000,5.2036,-0.4179
7.1600,5.0000,5.2016,-0.4137
7.1700,5.0000,5.1996,-0.4096
7.1800,5.0000,5.1976,-0.4055
7.1900,5.0000,5.1956,-0.4015
7.2000,5.0000,5.1937,-0.3975
7.2100,5.0000,5.1917,-0.3935
7.2200,5.0000,5.1898,-0.3896
7.2300,5.0000,5.1879,-0.3857
7.2400,5.0000,5.1861,-0.3819
7.2500,5.0000,5.1842,-0.3781
7.2600,5.0000,5.1824,-0.3743
7.2700,5.0000,5.1806,-0.3706
7.2800,5.0000,5.1788,-0.3669
7.2900,5.0000,5.1770,-0.3633
7.3000,5.0000,5.1752,-0.3597
7.3100,5.0000,5.1735,-0.3561
7.3200,5.0000,5.1718,-0.3525
7.3300,5.0000,5.1701,-0.3490
7.3400,5.0000,5.1684,-0.3455
7.3500,5.0000,5.1667,-0.3421
7.3600,5.0000,5.1650,-0.3387
7.3700,5.0000,5.1634,-0.3353
7.3800,5.0000,5.1618,-0.3320
7.3900,5.0000,5.1602,-0.3287
7.4000,5.0000,5.1586,-0.3254
7.4100,5.0000,5.1570,-0.3222
7.4200,5.0000,5.1554,-0.3190
7.4300,5.0000,5.1539,-0.3158
7.4400,5.0000,5.1523,-0.3127
7.4500,5.0000,5.1508,-0.3096
7.4600,5.0000,5.1493,-0.3065
7.4700,5.0000,5.1478,-0.3034
7.4800,5.0000,5.1464,-0.3004
7.4900,5.0000,5.1449,-0.2974
7.5000,5.0000,5.1435,-0.2945
7.5100,5.0000,5.1420,-0.2915
7.5200,5.0000,5.1406,-0.2886
7.5300,5.0000,5.1392,-0.2858
7.5400,5.0000,5.1378,-0.2829
7.5500,5.0000,5.1365,-0.2801
7.5600,5.0000,5.1351,-0.2773
7.5700,5.0000,5.1338,-0.2745
7.5800,5.0000,5.1324,-0.2718
7.5900,5.0000,5.1311,-0.2691
7.6000,5.0000,5.1298,-0.2664
7.6100,5.0000,5.1285,-0.2638
7.6200,5.0000,5.1272,-0.2612
7.6300,5.0000,5.1260,-0.2586
7.6400,5.0000,5.1247,-0.2560
7.6500,5.0000,5.1235,-0.2534
7.6600,5.0000,5.1223,-0.2509
7.6700,5.0000,5.1210,-0.2484
7.6800,5.0000,5.1198,-0.2460
7.6900,5.0000,5.1186,-0.2435
7.7000,5.0000,5.1175,-0.2411
7.7100,5.0000,5.1163,-0.2387
7.7200,5.0000,5.1151,-0.2363
7.7300,5.0000,5.1140,-0.2340
7.7400,5.0000,5.1129,-0.2316
7.7500,5.0000,5.1117,-0.2293
7.7600,5.0000,5.1106,-0.2270
7.7700,5.0000,5.1095,-0.2248
7.7800,5.0000,5.1084,-0.2225
7.7900,5.0000,5.1074,-0.2203
7.8000,5.0000,5.1063,-0.2181
7.8100,5.0000,5.1052,-0.2160
7.8200,5.0000,5.1042,-0.2138
7.8300,5.0000,5.1031,-0.2117
7.8400,5.0000,5.1021,-0.2096
7.8500,5.0000,5.1011,-0.2075
7.8600,5.0000,5.1001,-0.2054
7.8700,5.0000,5.0991,-0.2034
7.8800,5.0000,5.0981,-0.2014
7.8900,5.0000,5.0971,-0.1994
7.9000,5.0000,5.0962,-0.1974
7.9100,5.0000,5.0952,-0.1954
7.9200,5.0000,5.0943,-0.1935
7.9300,5.0000,5.0933,-0.1915
7.9400,5.0000,5.0924,-0.1896
7.9500,5.0000,5.0915,-0.1878
7.9600,5.0000,5.0906,-0.1859
7.9700,5.0000,5.0897,-0.1840
7.9800,5.0000,5.0888,-0.1822
7.9900,5.0000,5.0879,-0.1804
8.0000,5.0000,5.0870,-0.1786
8.0100,5.0000,5.0862,-0.1768
8.0200,5.0000,5.0853,-0.1751
8.0300,5.0000,5.0844,-0.1733
8.0400,5.0000,5.0836,-0.1716
8.0500,5.0000,5.0828,-0.1699
8.0600,5.0000,5.0820,-0.1682
8.0700,5.0000,5.0811,-0.1665
8.0800,5.0000,5.0803,-0.1649
8.0900,5.0000,5.0795,-0.1632
8.1000,5.0000,5.0787,-0.1616
8.1100,5.0000,5.0780,-0.1600
8.1200,5.0000,5.0772,-0.1584
8.1300,5.0000,5.0764,-0.1568
8.1400,5.0000,5.0757,-0.1553
8.1500,5.0000,5.0749,-0.1537
8.1600,5.0000,5.0742,-0.1522
8.1700,5.0000,5.0734,-0.1507
8.1800,5.0000,5.0727,-0.1492
8.1900,5.0000,5.0720,-0.1477
8.2000,5.0000,5.0712,-0.1462
8.2100,5.0000,5.0705,-0.1448
8.2200,5.0000,5.0698,-0.1433
8.2300,5.0000,5.0691,-0.1419
8.2400,5.0000,5.0685,-0.1405
8.2500,5.0000,5.0678,-0.1391
8.2600,5.0000,5.0671,-0.1377
8.2700,5.0000,5.0664,-0.1363
8.2800,5.0000,5.0658,-0.1350
8.2900,5.0000,5.0651,-0.1336
8.3000,5.0000,5.0645,-0.1323
8.3100,5.0000,5.0638,-0.1310
8.3200,5.0000,5.0632,-0.1297
8.3300,5.0000,5.0626,-0.1284
8.3400,5.0000,5.0619,-0.1271
8.3500,5.0000,5.0613,-0.1259
8.3600,5.0000,5.0607,-0.1246
8.3700,5.0000,5.0601,-0.1234
8.3800,5.0000,5.0595,-0.1221
8.3900,5.0000,5.0589,-0.1209
8.4000,5.0000,5.0583,-0.1197
8.4100,5.0000,5.0578,-0.1185
8.4200,5.0000,5.0572,-0.1173
8.4300,5.0000,5.0566,-0.1162
8.4400,5.0000,5.0560,-0.1150
8.4500,5.0000,5.0555,-0.1139
8.4600,5.0000,5.0549,-0.1127
8.4700,5.0000,5.0544,-0.1116
8.4800,5.0000,5.0538,-0.1105
8.4900,5.0000,5.0533,-0.1094
8.5000,5.0000,5.0528,-0.1083
8.5100,5.0000,5.0523,-0.1072
8.5200,5.0000,5.0517,-0.1062
8.5300,5.0000,5.0512,-0.1051
8.5400,5.0000,5.0507,-0.1041
8.5500,5.0000,5.0502,-0.1030
8.5600,5.0000,5.0497,-0.1020
8.5700,5.0000,5.0492,-0.1010
8.5800,5.0000,5.0487,-0.1000
8.5900,5.0000,5.0482,-0.0990
8.6000,5.0000,5.0478,-0.0980
8.6100,5.0000,5.0473,-0.0970
8.6200,5.0000,5.0468,-0.0961
8.6300,5.0000,5.0463,-0.0951
8.6400,5.0000,5.0459,-0.0942
8.6500,5.0000,5.0454,-0.0932
8.6600,5.0000,5.0450,-0.0923
8.6700,5.0000,5.0445,-0.0914
8.6800,5.0000,5.0441,-0.0905
8.6900,5.0000,5.0436,-0.0896
8.7000,5.0000,5.0432,-0.0887
8.7100,5.0000,5.0428,-0.0878
8.7200,5.0000,5.0424,-0.0869
8.7300,5.0000,5.0419,-0.0861
8.7400,5.0000,5.0415,-0.0852
8.7500,5.0000,5.0411,-0.0844
8.7600,5.0000,5.0407,-0.0835
8.7700,5.0000,5.0403,-0.0827
8.7800,5.0000,5.0399,-0.0819
8.7900,5.0000,5.0395,-0.0811
8.8000,5.0000,5.0391,-0.0802
8.8100,5.0000,5.0387,-0.0795
8.8200,5.0000,5.0383,-0.0787
8.8300,5.0000,5.0379,-0.0779
8.8400,5.0000,5.0376,-0.0771
8.8500,5.0000,5.0372,-0.0763
8.8600,5.0000,5.0368,-0.0756
8.8700,5.0000,5.0365,-0.0748
8.8800,5.0000,5.0361,-0.0741
8.8900,5.0000,5.0357,-0.0733
8.9000,5.0000,5.0354,-0.0726
8.9100,5.0000,5.0350,-0.0719
8.9200,5.0000,5.0347,-0.0712
8.9300,5.0000,5.0343,-0.0705
8.9400,5.0000,5.0340,-0.0698
8.9500,5.0000,5.0337,-0.0691
8.9600,5.0000,5.0333,-0.0684
8.9700,5.0000,5.0330,-0.0677
8.9800,5.0000,5.0327,-0.0670
8.9900,5.0000,5.0323,-0.0664
